file,frames,turn_angle,y_freq,curvature,velocity,acceleration,label
drone_aug_18.png,163,0.6486660211749458,0.18404907975460122,0.23086222417974842,4.248384949881549,0.028669398173067757,drone
drone_aug_166.png,320,-0.09669693172374993,0.09375,0.30261120835170785,4.8269057699889775,0.09400556102766364,drone
drone_aug_63.png,119,0.12578187388006506,0.25210084033613445,0.3624149233513309,13.684275423049808,0.24885072626497387,drone
drone_aug_161.png,130,0.9255480353974828,0.23076923076923078,0.2753352518333876,3.33066671746721,0.0013404130879203884,drone
drone_aug_121.png,254,0.10980151649280685,0.11811023622047244,0.2539626480772876,4.576391359666485,-0.007962590117537704,drone
drone_aug_126.png,275,0.15871023828492992,0.1090909090909091,0.3032706022235684,4.411427097584964,0.000594423663620459,drone
drone_aug_58.png,164,0.4391174555988005,0.18292682926829268,0.30159483120713876,3.433136760871795,0.0481810549069123,drone
drone_aug_89.png,125,-0.05284170840464122,0.24,0.26870024253970803,13.738468714365492,0.26127841248930905,drone
drone_aug_87.png,118,-0.07683633427968033,0.2542372881355932,0.46815388915668055,13.157408012847148,0.24817659859917365,drone
drone_aug_2.png,195,0.3093556217029418,0.15384615384615385,0.20906613159426085,4.065154791138482,0.09865971839899554,drone
drone_aug_154.png,175,-0.2779299628113377,0.17142857142857143,0.333983300250622,14.87096285474672,0.022769665449022442,drone
drone_aug_153.png,129,0.44077500522874186,0.23255813953488372,0.2919905446953112,14.470435948340551,0.20656641836908596,drone
drone_aug_51.png,108,0.011207141374650178,0.2777777777777778,1.2071573163701936,28.148029480610905,0.3450972676674923,drone
drone_aug_5.png,286,-0.37377391393526815,0.1048951048951049,0.3625785445050284,4.436317327820563,-0.0011755300543034519,drone
drone_aug_91.png,280,0.6857248433399165,0.10714285714285714,0.25923543371643715,4.764530627203763,-7.028750083957825e-17,drone
drone_aug_40.png,135,0.11942835076722655,0.2222222222222222,0.267675234482826,13.826927417456526,-0.007518796992481256,drone
drone_aug_98.png,227,0.014302988006847886,0.13215859030837004,0.2957179569880634,5.520986191893505,0.01228414232222318,drone
drone_aug_35.png,127,0.5433034106371792,0.23622047244094488,0.3312062909948716,16.604428963511552,0.29084965504581645,drone
drone_aug_32.png,141,-0.1889253105118591,0.2127659574468085,0.3008288908049431,15.3198337084294,0.02582821434028028,drone
drone_aug_130.png,299,0.025762746716567628,0.10033444816053512,0.20608153906647922,5.180129477907596,0.0746517605227401,drone
drone_aug_102.png,283,0.5500037821757944,0.10600706713780919,0.34876263572153,4.564713745029494,0.07562574224661577,drone
drone_aug_72.png,128,-0.0665032248446591,0.234375,0.35388153750127543,12.598215647433253,-0.05987304559775815,drone
drone_aug_152.png,107,-0.09205183850678866,0.28037383177570097,0.29421525783211244,13.71538928448744,0.16218347656686166,drone
drone_aug_4.png,263,0.3108525598469532,0.1140684410646388,0.3744380715503004,4.954770079984837,0.06050455325601593,drone
drone_aug_155.png,150,-0.28356233256926583,0.2,0.32035197527759185,13.429864942111262,0.20898538148516943,drone
drone_aug_127.png,289,0.3498047549586396,0.10380622837370243,0.25736689164240784,4.240365427358901,0.03193562738883776,drone
drone_aug_59.png,222,0.03766595328470406,0.13513513513513514,0.3510722292182808,5.359003110089015,0.13459613618749244,drone
drone_aug_88.png,308,0.5524124307381485,0.09740259740259741,0.455374560797543,4.435031377141917,0.06692038523568825,drone
drone_aug_112.png,133,0.2632451612676899,0.22556390977443608,0.36115721718799754,13.895023966843153,0.17356146679638754,drone
drone_aug_160.png,156,-0.19475726695603912,0.1923076923076923,0.2297379308199073,5.718480259626878,-0.008892748688079207,drone
drone_aug_19.png,136,0.20113360908015618,0.22058823529411764,0.3305849746506186,13.955759849543796,0.010631158449302864,drone
drone_aug_167.png,264,-0.02751487784535124,0.11363636363636363,0.27685290578726957,5.251316112464022,-0.005618839522899082,drone
drone_aug_65.png,252,0.3433965704251566,0.11904761904761904,0.23250608208915702,4.110108202105991,-0.003055728090000807,drone
drone_aug_74.png,249,0.23047330487676718,0.12048192771084336,0.3081672839977013,4.41440708136775,0.0449619274762209,drone
drone_aug_73.png,298,-0.04814343421987997,0.10067114093959731,0.3242703787013393,4.934674167370591,0.03464233177307555,drone
drone_aug_103.png,168,-0.32686194638661314,0.17857142857142858,0.39216073787733274,14.470892287675866,-0.041744688530071176,drone
drone_aug_33.png,267,-0.00858811617046707,0.11235955056179775,0.29172870870665246,4.44581660984192,0.0006123685289372812,drone
drone_aug_99.png,112,-0.06974205628497233,0.26785714285714285,0.3558350579999141,13.389140140489134,0.001767968818570307,drone
drone_aug_136.png,266,-0.057914196590325276,0.11278195488721804,0.2841637605823931,4.46340523266202,-0.0006146881066983871,drone
drone_aug_34.png,221,0.05527269299648425,0.13574660633484165,0.4737896423189755,4.9010080273654495,-4.055609222375001e-17,drone
drone_aug_97.png,112,-0.05166853422690271,0.26785714285714285,1.0527113152894743,27.981301444994127,0.5020103263535357,drone
drone_aug_143.png,304,-0.4873743985142793,0.09868421052631579,0.4035095907510367,4.675212306819898,0.02117367127329809,drone
drone_aug_90.png,303,0.18684745394039448,0.09900990099009901,0.31858273492773526,4.531764221119708,-0.0025379801411967036,drone
drone_aug_41.png,228,-0.07009579506733926,0.13157894736842105,0.3184629087437269,4.141256656936774,0.0923865172574081,drone
drone_aug_70.png,285,-0.07095190382607759,0.10526315789473684,0.20640154639813466,5.530223563688224,0.000573419293881195,drone
drone_aug_100.png,236,0.1041786846344395,0.1271186440677966,0.27101161340757174,4.226508872789505,-2.2773805633336544e-17,drone
drone_aug_135.png,236,-0.3080078511830004,0.1271186440677966,0.2264906926401448,3.3532514544067724,0.23316752606187552,drone
drone_aug_37.png,256,0.4696262866668253,0.1171875,0.3016512068567973,4.529830233410597,-0.003059543900463733,drone
drone_aug_149.png,210,0.23656637700980163,0.14285714285714285,0.3168206523394995,3.8653262638657977,0.006584054317135574,drone
drone_aug_132.png,248,-0.01162717575977191,0.12096774193548389,0.2799722298945145,5.432776032397992,0.06042023938295912,drone
drone_aug_140.png,141,-0.7316949903081995,0.2127659574468085,0.23628585258836263,5.191048619002375,-0.014388489208633129,drone
drone_aug_93.png,112,0.13617305840555796,0.26785714285714285,0.3591409107605796,14.866607215929175,-0.0019958587026624483,drone
drone_aug_94.png,117,0.15366255466953369,0.25641025641025644,0.3799757989881884,14.297205624873977,-0.018975737336508366,drone
drone_aug_45.png,130,0.023479091727781783,0.23076923076923078,0.9977090468636874,11.401032654150296,0.0061038125854574535,drone
drone_aug_39.png,116,-0.031123786146040854,0.25862068965517243,0.4175498036113659,14.279383103669499,0.18026833256546196,drone
drone_aug_54.png,301,0.08611381217623681,0.09966777408637874,0.3752985161606683,4.70100158734733,0.04942884627219479,drone
drone_aug_85.png,112,0.017419078109694505,0.26785714285714285,0.4656847254548356,12.16757199035141,0.4210390144659341,drone
drone_aug_0.png,113,-0.09474210180489435,0.26548672566371684,0.3242036377373825,12.850822579939644,0.15271255696077832,drone
drone_aug_28.png,291,0.1972715000779994,0.10309278350515465,0.23894714976546985,4.9258005428256,0.09264181367274178,drone
drone_aug_156.png,113,1.101733637271614,0.26548672566371684,0.2095863884885792,3.222607679988207,-0.0083442313753927,drone
drone_aug_82.png,288,-0.12043865948985447,0.10416666666666667,0.39279167136389137,4.6168067139063815,0.0005674044061831451,drone
drone_aug_123.png,141,-0.7669598832496564,0.2127659574468085,0.23160003994372008,3.418209963775098,0.0,drone
drone_aug_9.png,249,0.4089283631791931,0.12048192771084336,0.29018030776497056,4.34144955048207,0.03594865149240451,drone
drone_aug_26.png,119,0.2622219718257806,0.25210084033613445,0.2401579720952473,14.677336440074312,0.20526171954841232,drone
drone_aug_158.png,111,-0.06068687139968541,0.2702702702702703,0.26421520029179135,14.792387160751096,-0.01949499770056461,drone
drone_aug_111.png,272,-0.021023544487493395,0.11029411764705882,0.24234229563994775,4.891301719055543,0.0006010283709939966,drone
drone_aug_14.png,244,-0.06661430032155373,0.12295081967213116,0.25029798043667106,5.83672131496789,0.0018317091541140966,drone
drone_aug_118.png,119,0.16431957446117762,0.25210084033613445,0.246653474830333,13.299544288732498,0.19170523118906507,drone
drone_aug_66.png,194,-0.13802526052252778,0.15463917525773196,0.24277612121645553,13.953467540066331,-0.00483453458048753,drone
drone_aug_163.png,212,0.2795364918778968,0.14150943396226415,0.21655312046687092,5.66274704254461,-0.0007727507627065628,drone
drone_aug_95.png,156,-0.20684131982794862,0.1923076923076923,0.19260576299468066,5.73827496606464,0.001053751040054404,drone
drone_aug_44.png,117,0.021836290458416004,0.25641025641025644,0.1952114348039397,3.5382162350387945,0.12710439982181132,drone
drone_aug_38.png,114,0.35852509670859894,0.2631578947368421,0.3416168201947883,15.278279959332343,0.21884345943824174,drone
drone_aug_146.png,265,0.37082369155226436,0.11320754716981131,0.3726480659959097,4.856269159909134,0.021079862149496306,drone
drone_aug_43.png,244,-0.22158005865034877,0.12295081967213116,0.45350216555661743,5.508004638755606,-0.00893503165358836,drone
drone_aug_133.png,128,-0.09381181522924542,0.234375,0.43308991282196835,13.481113491870953,0.013438927570987096,drone
drone_aug_134.png,232,0.3355551193355994,0.12931034482758622,0.907716256431684,11.330738048684577,0.0742775110029031,drone
drone_aug_101.png,240,0.017471188439985384,0.125,0.25306776637720885,4.9960714608776025,0.023588206646339913,drone
drone_aug_106.png,284,-0.20220453786914525,0.1056338028169014,0.23644302382405913,4.050393880101734,0.024286729793603204,drone
drone_aug_108.png,165,-0.02544695761026805,0.18181818181818182,0.2389150621490692,4.379099650928641,1.3622368400308669e-17,drone
drone_aug_76.png,135,0.65445570994514,0.2222222222222222,0.27701991279514265,14.222601030062476,-0.012931504591875843,drone
drone_aug_119.png,135,0.23616663845269223,0.2222222222222222,0.42612059525854745,14.181462834861863,0.1356676207531321,drone
drone_aug_67.png,141,0.14404012812681435,0.2127659574468085,0.5271205283905078,11.649081507125223,0.15123844955906673,drone
drone_aug_15.png,279,0.30304609481160777,0.1075268817204301,0.2669816087483038,4.64839206995727,0.003343717265951528,drone
drone_aug_117.png,220,0.32991645931626323,0.13636363636363638,0.32972187157920935,4.418735943780411,0.055045871559633044,drone
drone_aug_69.png,128,0.15083554524645276,0.234375,0.3310032728493856,14.975183164095764,0.18516147492656676,drone
drone_aug_12.png,276,0.014239268905625737,0.10869565217391305,0.2642951513899333,4.879012039908337,3.0794507252376604e-17,drone
drone_aug_27.png,128,0.0472881316262017,0.234375,0.3355284912762133,13.866333780503208,0.20363273632763615,drone
drone_aug_159.png,181,-0.2923412599206646,0.16574585635359115,0.3680078977573737,14.594159688748116,0.243377785712282,drone
drone_aug_122.png,171,0.15700474760117955,0.17543859649122806,0.3295483367163769,14.618381772976061,0.10505200443056012,drone
drone_aug_8.png,287,-0.13570331858979096,0.10452961672473868,0.2663983506076009,5.0104194001206865,-0.0005693952988363898,drone
drone_aug_52.png,140,0.018233828322104916,0.21428571428571427,0.44337994026444455,14.564955343595273,0.19491685247696086,drone
drone_aug_6.png,317,0.14008410869758706,0.09463722397476342,0.2038490651506037,4.803728838760805,-0.0005151671751377762,drone
drone_aug_55.png,301,-0.3938720199876532,0.09966777408637874,0.22178035222525025,4.70440648451645,0.021096775143203086,drone
drone_aug_84.png,112,0.3326218581189496,0.26785714285714285,0.3020701878160651,14.404500325891307,0.2312878673876438,drone
drone_aug_157.png,316,-0.049851745457745594,0.0949367088607595,0.30296722742208876,5.542746331383857,0.07223943741577463,drone
bird_aug_129.png,117,-0.24271373619109857,0.25641025641025644,0.4979712008220783,15.307513585318247,1.6008224720192985,bird
bird_aug_60.png,150,-0.6388805162025595,0.2,0.22291052583067855,5.119688970182179,-0.02395896129953369,bird
bird_aug_29.png,215,-0.39634249114324804,0.13953488372093023,0.6965168013928896,13.406997147287909,0.12621965202269397,bird
bird_aug_20.png,195,0.077761736344747,0.15384615384615385,0.4297998778499757,13.79023572329527,0.09415805521556891,bird
bird_aug_115.png,271,0.07929374328440557,0.11070110701107011,0.30571180126408576,4.846735287473053,0.0006032626772058933,bird
bird_aug_36.png,130,0.3889284117666868,0.23076923076923078,0.32134594067265126,13.828633540773739,0.10219186314875983,bird
bird_aug_104.png,291,0.20795628058484392,0.10309278350515465,0.20181195181003544,5.731888338823014,0.002689010902137732,bird
bird_aug_92.png,133,0.3908181027181109,0.22556390977443608,0.19022317845132677,3.193774712423722,0.10173333814242229,bird
bird_aug_71.png,206,-0.04494003177897789,0.14563106796116507,0.17606500874840034,5.493433763935076,-0.001636522232461723,bird
bird_aug_144.png,261,-0.2021109631547292,0.1149425287356322,0.6270786186589504,13.994354787895142,-0.013200939234774754,bird
bird_aug_78.png,142,1.0461468582914162,0.2112676056338028,0.2991151749249565,3.04900183891599,0.0011591261440598538,bird
bird_aug_131.png,235,0.10616682429942981,0.12765957446808512,0.4609702599880379,13.703648698539574,0.197029226673521,bird
bird_aug_3.png,257,0.39215801867515176,0.11673151750972763,0.2741160149730012,5.141481741174797,0.007868912586743194,bird
bird_aug_113.png,164,0.48143250784569125,0.18292682926829268,0.30477106561746725,3.714816104085341,0.11850865502981185,bird
bird_aug_21.png,115,0.660083970673432,0.2608695652173913,0.4586334273034406,15.138550354519603,0.019528522931191367,bird
bird_aug_114.png,153,-0.2382928356639434,0.19607843137254904,0.5277483174787404,14.817614890712981,0.22956483469222017,bird
bird_aug_53.png,129,-0.49511723925982026,0.23255813953488372,0.34160017040356516,14.844963903109074,0.11077190754112057,bird
bird_aug_128.png,207,-0.21290345250914353,0.14492753623188406,0.5503606961395863,13.164104511661375,0.16836190019083971,bird
bird_aug_61.png,175,-0.6747919065953468,0.17142857142857143,0.2540882686138855,4.097280454921733,0.007916088427538725,bird
bird_aug_68.png,153,0.23144909543555106,0.19607843137254904,0.4220700636344122,14.847194576149631,0.1695159846513749,bird
bird_aug_13.png,260,0.16482725192118125,0.11538461538461539,0.2759856784810464,5.069440714541169,0.008135734548809241,bird
bird_aug_137.png,118,0.35709881315071457,0.2542372881355932,0.5071125118553584,12.953765170848719,0.17111499353624465,bird
bird_aug_77.png,123,-0.31517942223354994,0.24390243902439027,0.3734738014846783,15.978767292861518,-0.01846556979466661,bird
bird_aug_142.png,204,-0.3574006105024462,0.14705882352941177,0.5410338987780222,14.35457547212289,0.19853632497722526,bird
bird_aug_139.png,232,-0.07031685208815139,0.12931034482758622,0.37587367646812453,4.411334252050585,0.004026998620298257,bird
bird_aug_145.png,281,0.006476770434075392,0.10676156583629892,0.32098121690088793,4.861205762630304,0.017490072038618597,bird
bird_aug_42.png,120,-0.10190427264394838,0.25,1.1727671108337498,25.951307219693362,0.37516414424213174,bird
bird_aug_105.png,271,0.41783546136106653,0.11070110701107011,0.22939632707369415,4.4353956692372085,0.0265180389621509,bird
bird_aug_30.png,245,0.760157883588517,0.12244897959183675,0.31377204922709306,4.513482280934241,0.016085556179823286,bird
bird_aug_141.png,132,0.029391529739882672,0.22727272727272727,0.5486815614816948,14.471253033437346,0.21987898363981578,bird
bird_aug_7.png,264,0.08915938825943287,0.11363636363636363,0.23708013192547242,5.216585279237462,0.04973747916748628,bird
bird_aug_25.png,116,-0.10824665546303945,0.25862068965517243,1.2754746122834661,27.64642175487027,0.7770087511412878,bird
bird_aug_110.png,158,-0.3910729417322676,0.189873417721519,0.27641815595111313,4.427011638646731,0.03881657139831679,bird
bird_aug_57.png,208,0.24529500352617623,0.14423076923076922,0.8447076151867096,13.415527800039607,0.10552734831896105,bird
bird_aug_86.png,225,0.6638001182241424,0.13333333333333333,0.25242122173449194,4.302521824673537,0.038569526189550264,bird
bird_aug_162.png,166,0.25474509416506463,0.18072289156626506,0.6332802643283516,13.840562384466377,0.15881587494635413,bird
bird_aug_81.png,190,0.13837294329166425,0.15789473684210528,0.6320243856452873,14.72471760919252,-0.006077946218341327,bird
bird_aug_165.png,261,0.02974978652984943,0.1149425287356322,0.2099751830446136,4.739762257527799,0.03281708930317459,bird
bird_aug_150.png,154,-0.6261615044316861,0.19480519480519481,0.5253777878622841,14.693001761860067,-0.010253473925540376,bird
bird_aug_62.png,263,-0.10552925348231752,0.1140684410646388,0.2755648733913598,5.551484606885823,0.06673392185026958,bird
bird_aug_125.png,209,0.7112488770463459,0.14354066985645933,0.4530846977592515,14.620648873641265,0.10422853530286902,bird
bird_aug_10.png,137,0.29472706207790683,0.21897810218978103,0.29905651592619537,14.392057144763719,0.15762723456819916,bird
bird_aug_107.png,236,0.40658895264463296,0.1271186440677966,0.20034303750593913,4.283275532261495,0.01796879658308831,bird
bird_aug_49.png,232,0.116045885777167,0.12931034482758622,0.45455765523509495,15.33629693199712,0.006133049371485972,bird
bird_aug_96.png,167,-0.5759011327390725,0.17964071856287425,0.3215138087947782,5.435721479874563,-0.0010398356075988547,bird
bird_aug_47.png,255,-0.0497544670465773,0.11764705882352941,0.2180073545416212,5.337080586530454,0.0916632274220126,bird
bird_aug_109.png,148,-0.6290493454893408,0.2027027027027027,0.2620713308445245,3.795172737125844,-0.01487378681680694,bird
bird_aug_75.png,135,0.8047692870633619,0.2222222222222222,0.30843809167115954,3.178492691506477,0.0,bird
bird_aug_16.png,299,0.23400448001283383,0.10033444816053512,0.7944269231639495,13.575067462428525,0.0031629310208830205,bird
bird_aug_151.png,136,0.22263048616393497,0.22058823529411764,0.34587050644165684,13.96860598496258,0.13710200354828017,bird
bird_aug_64.png,206,0.43597320921988664,0.14563106796116507,0.29713092813253694,4.426742531374573,0.0008410435061460847,bird
bird_aug_80.png,265,0.030252153799196553,0.11320754716981131,0.5253891014034109,14.388576509564137,0.09746011876788059,bird
bird_aug_56.png,127,0.37092204058211264,0.23622047244094488,0.39420681444264827,13.19011992361885,0.29597749121300215,bird
bird_aug_1.png,111,-0.4941364007902745,0.2702702702702703,0.29889094890813506,3.7753080254735183,0.16159050700715064,bird
bird_aug_24.png,227,0.8462895221274207,0.13215859030837004,0.17603362694341906,4.995953047091316,0.0,bird
bird_aug_23.png,202,0.15856398414956083,0.1485148514851485,1.3328195456621754,21.129644780347604,0.4016870068526783,bird
bird_aug_116.png,120,0.0011335314140701604,0.25,0.43241750380533434,14.379908162158083,0.36439371433563383,bird
V_DRONE_102_LABELS_1,305,0.12567093083925682,0.09836065573770493,0.20661970641748392,3.672534852998909,-0.017802874087479423,drone
V_DRONE_114_LABELS_1,316,-0.008507592117309098,0.0949367088607595,0.08785088895301352,0.31259514529461274,-0.0017696525724816288,drone
V_DRONE_071_LABELS_1,315,-0.0003506417090355155,0.09523809523809523,0.5883143472891365,0.6648049583529766,-0.006665547288364563,drone
V_DRONE_002_LABELS_1,301,-0.3099290153339629,0.09966777408637874,0.19953482688222762,1.3041146427267363,-0.013946547214411154,drone
V_DRONE_081_LABELS_1,303,-0.004003105120415357,0.09900990099009901,0.07563940450550055,2.120050341656898,-0.009537167670416975,drone
V_DRONE_067_LABELS_1,325,0.3441860944725601,0.0923076923076923,0.12532853795829238,1.8928321595971642,0.006500280963812697,drone
V_DRONE_014_LABELS_1,328,-0.34443476500202524,0.09146341463414634,0.2734852935994,1.889886159678553,-0.010635817885476469,drone
V_DRONE_097_LABELS_1,303,-0.26374726478323784,0.09900990099009901,0.23260185704893124,3.272320090339988,-0.0033204086323402556,drone
V_DRONE_038_LABELS_1,304,0.08747133199836879,0.09868421052631579,0.5982230984514271,0.9285530573353836,0.00029685948466848483,drone
V_DRONE_040_LABELS_1,311,-0.04154822146418001,0.09646302250803858,0.3590785761534677,3.237881670454134,-0.033960897094651256,drone
V_DRONE_033_LABELS_1,300,0.6406353610721467,0.1,0.3826490234458469,2.0835910815170195,-0.007755448213849276,drone
V_DRONE_056_LABELS_1,305,-0.1493619914805903,0.09836065573770493,0.12413204826701382,2.4445023210892205,-0.0017731900701561851,drone
V_DRONE_025_LABELS_1,305,0.6086699838592192,0.09836065573770493,0.18111811162708571,2.2624818724951723,0.02954561538115638,drone
V_DRONE_009_LABELS_1,302,0.12437411016201516,0.09933774834437087,0.8156483356344235,1.2721712204883848,0.006758680029795337,drone
V_DRONE_109_LABELS_1,326,0.1024872259621672,0.09202453987730061,0.09963753233447414,1.2034586296373566,-0.004196432847327145,drone
V_DRONE_022_LABELS_1,301,-0.18367080559169183,0.09966777408637874,0.12977918084887846,2.5264202822663537,0.0020801417062818726,drone
V_DRONE_034_LABELS_1,300,0.13005089551658963,0.1,0.4850894464816613,0.6446203501041009,-0.0019728368526054935,drone
V_DRONE_018_LABELS_1,302,0.21213586427619577,0.09933774834437087,0.8897766026397573,0.9738878425319222,-1.0459270105478424e-06,drone
V_DRONE_113_LABELS_1,322,-0.1738707845503564,0.09316770186335405,0.06044996759767309,0.1628522839826254,-0.003341949429498651,drone
V_DRONE_105_LABELS_1,304,0.1654296103140757,0.09868421052631579,0.007980852698369699,0.7086928264401322,-0.001632110075796952,drone
V_DRONE_090_LABELS_1,312,-0.5577434938304466,0.09615384615384615,0.2739187489723917,1.8761321507197979,0.004127170521715684,drone
V_DRONE_013_LABELS_1,328,0.2737682046388709,0.09146341463414634,0.38362951822547087,2.4562053305275287,-0.0010028218761766428,drone
V_DRONE_060_LABELS_1,308,-0.18829545342105597,0.09740259740259741,0.10368456875139191,2.600737986082757,-0.00943172166526156,drone
V_DRONE_086_LABELS_1,312,-0.2622156964719328,0.09615384615384615,0.1245914467387283,1.6152499789725783,-0.003086794564409167,drone
V_DRONE_005_LABELS_1,305,0.6982749051353532,0.09836065573770493,0.2686805156550687,3.7751473664437163,0.032801119424159524,drone
V_DRONE_076_LABELS_1,306,-0.041332205226348055,0.09803921568627452,0.2777334772923244,0.8243405886255687,-0.0011501577963742603,drone
V_DRONE_029_LABELS_1,301,-0.07941328294045735,0.09966777408637874,0.43863005973467917,1.5350547585063752,0.006375261505430211,drone
V_DRONE_065_LABELS_1,321,-0.037975097332962685,0.09345794392523366,0.17893584079988106,1.600593385727371,0.001307067120764595,drone
V_DRONE_095_LABELS_1,312,0.2251102547423747,0.09615384615384615,0.4308656809050079,2.4866974059595175,0.007604009861056353,drone
V_DRONE_016_LABELS_1,310,-0.18241990837668182,0.0967741935483871,0.2918240529819994,3.650253698988905,-0.032390003922605826,drone
V_DRONE_073_LABELS_1,311,-0.30053716179911716,0.09646302250803858,0.6072699807821083,1.5906351140927184,0.003437022631673082,drone
V_DRONE_083_LABELS_1,304,-0.011831197704916066,0.09868421052631579,0.15089971449637304,2.151612799718344,0.0024381562745553675,drone
V_DRONE_100_LABELS_1,328,-0.10308146784900071,0.09146341463414634,0.1751780979881831,5.488392099002268,-0.0004540255052922702,drone
V_DRONE_054_LABELS_1,301,-0.044915491815994364,0.09966777408637874,0.16007765017316689,2.5532179005516467,0.004208195529939308,drone
V_DRONE_027_LABELS_1,307,-0.09863484929754644,0.09771986970684039,0.12041264138976407,2.4025312769358247,-0.024443342972981223,drone
V_DRONE_042_LABELS_1,303,0.025102206276076497,0.09900990099009901,0.1834079063991314,1.5767392734586427,-0.013316584691526351,drone
V_DRONE_031_LABELS_1,328,0.5857826151878563,0.09146341463414634,0.04657213494512754,0.4481424170094504,-0.0009554689715854083,drone
V_DRONE_078_LABELS_1,300,0.29715537506569,0.1,0.42575096384499406,2.4746984115565085,-0.004817010552517246,drone
V_DRONE_088_LABELS_1,316,-0.17286490106582614,0.0949367088607595,0.46053714027730486,0.5572723849683905,0.0005469573728048058,drone
V_DRONE_036_LABELS_1,302,0.486586496782538,0.09933774834437087,0.6010700891583366,2.1341734878484178,-0.017300240113466907,drone
V_DRONE_020_LABELS_1,302,-0.48566911184882733,0.09933774834437087,0.43570774926388206,1.067257632837018,0.007299847447587687,drone
V_DRONE_053_LABELS_1,300,-0.2340753635153572,0.1,0.43933909039072255,3.857761183661429,-0.02927736407424336,drone
V_DRONE_099_LABELS_1,309,-0.3064531042228937,0.0970873786407767,0.07914261084371783,4.401707698100033,0.006630260373975815,drone
V_DRONE_069_LABELS_1,316,-0.052059989392145546,0.0949367088607595,0.020041847502630647,1.7304271025865217,0.013646946018742405,drone
V_DRONE_007_LABELS_1,302,0.28930055081615974,0.09933774834437087,1.0516426099949427,2.0478294774061134,-0.027170141343733172,drone
V_DRONE_084_LABELS_1,312,0.3073335175845896,0.09615384615384615,0.1307693984168946,1.9500851666537051,-0.007449264980271742,drone
V_DRONE_074_LABELS_1,316,0.23128585028468682,0.0949367088607595,0.21130406005440738,1.0155070379394044,-0.000933068936331269,drone
V_DRONE_011_LABELS_1,302,0.029405485826713287,0.09933774834437087,0.9723266979388989,1.3442412342673822,0.020337096457561068,drone
V_DRONE_092_LABELS_1,329,0.1973612069874315,0.0911854103343465,0.14602285782601238,1.7296865503247252,0.01149678093554477,drone
V_DRONE_062_LABELS_1,315,-0.010680598061128569,0.09523809523809523,0.16029178049789775,2.452405658539284,0.007480798950614742,drone
V_DRONE_058_LABELS_1,305,0.125232064658518,0.09836065573770493,0.07247545960570694,3.156417238964793,0.016546928222824404,drone
V_DRONE_107_LABELS_1,300,0.058776455717109065,0.1,0.06301424884629786,2.4385917561172388,-0.012944233613204414,drone
V_DRONE_107_LABELS_2,300,0.004465487910804824,0.1,0.300965971035689,0.6094410307244397,-0.0014292663955190145,drone
V_DRONE_111_LABELS_1,322,-0.19886526717249567,0.09316770186335405,0.02408346862618036,1.049641505484319,-0.0083136461788349,drone
V_DRONE_098_LABELS_1,318,-0.017582091784568554,0.09433962264150944,0.08570508225368136,5.430459491551454,-9.440983924833216e-05,drone
V_DRONE_068_LABELS_1,311,0.30470373711178295,0.09646302250803858,0.0942809593684294,2.6312660256682436,-0.026958477817853918,drone
V_DRONE_037_LABELS_1,300,0.15230228557919678,0.1,0.7832478289614754,1.6315602744952988,0.001037556488105098,drone
V_DRONE_044_LABELS_1,312,-0.08219135390913437,0.09615384615384615,1.100046012426853,3.099961799577967,0.04171160290286678,drone
V_DRONE_106_LABELS_1,304,-0.057225224851637384,0.09868421052631579,0.06876252394435901,2.6060036233001522,0.004732086801756812,drone
V_DRONE_106_LABELS_2,304,0.12363952401033118,0.09868421052631579,0.2557699428820474,0.6300417013801024,0.000619645601468431,drone
V_DRONE_110_LABELS_1,325,-0.0015284875473553956,0.0923076923076923,0.10995800078746659,1.397788544717638,0.003803340852371314,drone
V_DRONE_059_LABELS_1,329,-0.07870531861812652,0.0911854103343465,0.15137734866710087,1.8429295874581157,-0.0017726915884746504,drone
V_DRONE_006_LABELS_1,307,0.0571597332370111,0.09771986970684039,0.13842511860399084,2.144486105816383,-0.008214560529759218,drone
V_DRONE_085_LABELS_1,316,0.02156092145332705,0.0949367088607595,0.28921034502624904,1.962861076963406,0.0012503793215323418,drone
V_DRONE_075_LABELS_1,315,0.08627147171328191,0.09523809523809523,0.12863192024156656,1.7302809821501404,0.004078548390735182,drone
V_DRONE_010_LABELS_1,301,0.07289790882222866,0.09966777408637874,1.1528063281338135,1.4317673367330686,-0.0011668747620991635,drone
V_DRONE_093_LABELS_1,329,-0.030943665456770714,0.0911854103343465,0.22962244340576507,1.613306504707553,-0.021599996401957873,drone
V_DRONE_063_LABELS_1,306,-0.22360829871346605,0.09803921568627452,0.14576522168626954,2.205289617229052,-0.005927454653402313,drone
V_DRONE_101_LABELS_1,307,-0.1193344581639119,0.09771986970684039,0.19696660705205815,6.643029606154828,-0.01894279215994483,drone
V_DRONE_064_LABELS_1,316,-0.4183528022535305,0.0949367088607595,0.1857257015017086,1.1033193871273408,-0.002343555123932488,drone
V_DRONE_094_LABELS_1,321,0.2113303808265027,0.09345794392523366,0.51053819023293,0.7284911671280494,-1.982844386781384e-05,drone
V_DRONE_017_LABELS_1,328,0.09990272967508801,0.09146341463414634,0.2308829961701919,2.0773743682441803,-0.0006001587829699645,drone
V_DRONE_072_LABELS_1,311,-0.14164606285077713,0.09646302250803858,0.11879242857591112,2.346057197797627,-0.008996129874364022,drone
V_DRONE_082_LABELS_1,307,-0.3657386327225537,0.09771986970684039,0.10906490091886313,2.4934394199951377,-0.019056534918606906,drone
V_DRONE_001_LABELS_1,301,0.407624662606094,0.09966777408637874,0.312431666727066,3.278210592744995,0.011401053211199486,drone
V_DRONE_079_LABELS_1,311,-0.45999980480091973,0.09646302250803858,0.17527765603693346,2.1219263751924746,0.0036472936960332196,drone
V_DRONE_089_LABELS_1,325,0.3182678904505886,0.0923076923076923,1.2786531837254949,1.1240623000325112,0.0055300620776114594,drone
V_DRONE_055_LABELS_1,301,-0.10296531500466505,0.09966777408637874,0.1150369458583642,2.5557468763714217,0.00437074344859957,drone
V_DRONE_026_LABELS_1,311,-0.09214730126068561,0.09646302250803858,0.41548295006418445,0.8983015331923506,0.004543372179307377,drone
V_DRONE_043_LABELS_1,305,0.10733847764181696,0.09836065573770493,0.6342552088427027,2.424844424024197,0.0007566089970931294,drone
V_DRONE_030_LABELS_1,322,0.722150233610194,0.09316770186335405,0.6599419298257654,1.3835849258769737,-0.006905840301084936,drone
V_DRONE_019_LABELS_1,321,0.3152717077896876,0.09345794392523366,0.2798109694456898,1.338139668173077,-0.0019436042777830854,drone
V_DRONE_023_LABELS_1,301,-0.19479472289438113,0.09966777408637874,0.17097783144307954,2.261972755985381,0.0009938289989000811,drone
V_DRONE_035_LABELS_1,302,-0.015890039829797517,0.09933774834437087,0.22726223364801962,1.0711161945260212,0.02509295747194496,drone
V_DRONE_028_LABELS_1,311,-0.6051323804716315,0.09646302250803858,0.4277393866489824,1.0712963326685112,-0.006079910321747419,drone
V_DRONE_091_LABELS_1,329,-0.19974427109006246,0.0911854103343465,0.08939481600444914,1.9971123004800448,-0.00677545426596002,drone
V_DRONE_012_LABELS_1,320,0.5601713480097428,0.09375,0.289811464142823,2.1144451211369413,0.0021793878238617827,drone
V_DRONE_061_LABELS_1,308,-0.20786570432428272,0.09740259740259741,0.18176836339894245,2.793674742530705,0.002029215684122287,drone
V_DRONE_087_LABELS_1,312,0.16586232877362056,0.09615384615384615,0.1315482876480666,1.6687486523950275,-0.007568907805830891,drone
V_DRONE_004_LABELS_1,303,0.5049466419675511,0.09900990099009901,0.11585715104130623,1.7621440163340567,0.00490469130418906,drone
V_DRONE_077_LABELS_1,316,-0.0644508278971763,0.0949367088607595,0.20650966819940397,2.119265061157767,0.009949930021270743,drone
V_DRONE_112_LABELS_1,300,0.24431555621577833,0.1,0.007618713217389961,0.32464498919350454,0.0001629869695047922,drone
V_DRONE_104_LABELS_1,300,-0.1727861410983769,0.1,0.02449235003287215,1.638048492085659,0.00522737610398268,drone
V_DRONE_039_LABELS_1,303,0.43877980333029115,0.09900990099009901,1.2558572132138681,1.240897548563253,0.003175000995045116,drone
V_DRONE_070_LABELS_1,305,-0.22941804899374194,0.09836065573770493,0.49585503410054765,0.711729166773532,0.0013855581136758212,drone
V_DRONE_003_LABELS_1,313,-0.04470141035213498,0.09584664536741214,0.16598867879571472,0.9913922803236744,0.0004834291014276789,drone
V_DRONE_080_LABELS_1,300,0.43378850973941746,0.1,0.07646061075404169,2.728942929276513,-0.004510297693017952,drone
V_DRONE_066_LABELS_1,326,-0.06121932207717142,0.09202453987730061,0.22831714368285996,1.2539436947166145,-0.00042087837743495543,drone
V_DRONE_015_LABELS_1,328,-0.3511132558620527,0.09146341463414634,0.12050741243955394,4.01177076297327,-0.003811144197901541,drone
V_DRONE_096_LABELS_1,325,-0.006204376843612797,0.0923076923076923,0.327213081120935,3.3668923440887615,0.0007689031115210681,drone
V_DRONE_103_LABELS_1,321,-0.1233920100458948,0.09345794392523366,0.045114039899042446,1.2136981595237148,-0.003483136616439849,drone
V_DRONE_108_LABELS_1,304,-0.3107124552760506,0.09868421052631579,0.07316326434171684,2.523617435761048,0.007649509113053478,drone
V_DRONE_108_LABELS_2,304,0.12763224209908278,0.1388888888888889,0.280309816734785,0.5890691596529272,-0.0019815703445487617,drone
V_DRONE_008_LABELS_1,302,0.27663261871618544,0.09933774834437087,1.028898654786115,0.7654576328374404,0.0047793546101293875,drone
V_DRONE_041_LABELS_1,327,-0.19185778778306997,0.09174311926605504,0.3408866395467386,1.992577198666557,0.00877910051550162,drone
V_DRONE_032_LABELS_1,314,-0.18873691639944226,0.09554140127388534,0.21143345503197197,1.5377637530135242,-0.0006999806861316358,drone
V_DRONE_057_LABELS_1,329,-0.12845092814323814,0.0911854103343465,0.2975017405537446,1.63772519600927,0.0029115962584664854,drone
V_DRONE_024_LABELS_1,302,-0.09864975667910747,0.09933774834437087,0.21988405262634175,1.343078614956858,-0.006517605444425569,drone
V_BIRD_036_LABELS_1,329,-0.2388311077102654,0.0911854103343465,0.0010034290882587676,0.031485027311386006,4.821657394638819e-05,bird
V_BIRD_045_LABELS_1,308,0.024337456349182923,0.09740259740259741,0.038553497324812294,2.9690258112430943,0.006686777316274803,bird
V_BIRD_007_LABELS_1,307,-0.13417279571883575,0.09771986970684039,0.058202638109453156,1.4330539287136406,0.008005927871212086,bird
V_BIRD_049_LABELS_1,304,-0.3317025395888035,0.09868421052631579,0.11745977688269531,1.6305321562396016,0.001453191666401064,bird
V_BIRD_016_LABELS_1,328,0.23441191928292124,0.09146341463414634,0.32277001177156844,10.784002822571779,0.016088262201815806,bird
V_BIRD_016_LABELS_2,328,0.34035584762950105,0.35714285714285715,1.8511893462180662,4.019005661838182,-0.02571175310250607,bird
V_BIRD_027_LABELS_1,318,-0.16584816205761851,0.09433962264150944,0.0030205767538467776,0.04929051400380402,-6.2375385473273e-05,bird
V_BIRD_042_LABELS_1,306,0.5083726676788387,0.09803921568627452,0.0100446984648455,0.03235487455323481,-0.00011293628481473697,bird
V_BIRD_031_LABELS_1,312,0.5214979739579699,0.09615384615384615,0.01449918647154809,0.5097399867351974,0.0006018173724892015,bird
V_BIRD_034_LABELS_1,319,0.8476387952944476,0.09404388714733543,0.01658158349802592,0.6627917202489171,-0.0019227177104439162,bird
V_BIRD_047_LABELS_1,322,0.19450046047360087,0.09316770186335405,0.09371187005032988,6.883314334026436,0.002041980916563063,bird
V_BIRD_047_LABELS_2,322,0.3198392878963638,0.23255813953488372,0.2911087550869252,0.791106766055295,-0.002487988441016961,bird
V_BIRD_029_LABELS_1,300,0.4762243244023619,0.1,0.07296569850044639,0.8119938501696163,-0.0018379719565914036,bird
V_BIRD_038_LABELS_1,328,-0.03242238611894884,0.09146341463414634,0.04256523147366187,1.846918884894583,-0.008927616117905771,bird
V_BIRD_038_LABELS_2,328,0.2557276877956086,0.34090909090909094,0.17938276185542767,0.3962180999237526,0.009533903122702692,bird
V_BIRD_002_LABELS_1,310,0.29306690173079214,0.0967741935483871,0.7286791443118955,7.0622622618206075,-0.046330602462534023,bird
V_BIRD_014_LABELS_1,329,0.22573313649319382,0.0911854103343465,1.1144677908390228,17.002800116733113,-0.00025770040571837413,bird
V_BIRD_014_LABELS_2,329,0.0481635547758981,0.16304347826086957,1.9404028347452174,6.538076566045204,0.002552011505864098,bird
V_BIRD_009_LABELS_1,325,0.04400274577620164,0.0923076923076923,0.10195768210466807,5.046807543911775,-0.00043320072660033487,bird
V_BIRD_009_LABELS_2,325,0.2561695445356571,0.0923076923076923,0.10342749561355433,6.605626493251513,0.000198134655624066,bird
V_BIRD_009_LABELS_3,325,0.019972905278185363,0.10380622837370243,0.20233956711616746,1.92645396339169,0.014533960864745555,bird
V_BIRD_009_LABELS_4,325,-0.08754934241315145,0.13953488372093023,0.17968261188287812,0.2748067440744777,-0.00045104044519027553,bird
V_BIRD_009_LABELS_5,325,-0.3935347524669549,0.4,0.08982789580824793,0.10160381653648845,-0.0005769418134142943,bird
V_BIRD_040_LABELS_1,304,0.054024559424147925,0.09868421052631579,0.056985621978198675,3.1773783450302795,0.004260245083824733,bird
V_BIRD_040_LABELS_2,304,-0.0933391305692364,0.29126213592233013,0.14650479661971177,0.5085543345384471,-8.289587897578961e-06,bird
V_BIRD_033_LABELS_1,318,-0.010298568831823606,0.09433962264150944,0.026957238009542972,0.7593337405169013,-0.0026097533516675152,bird
V_BIRD_025_LABELS_1,319,0.21104586883903195,0.09404388714733543,0.03176688229666351,1.4141443158460258,0.0012154461894614953,bird
V_BIRD_003_LABELS_1,303,0.06563468079365929,0.10638297872340426,0.06580269451753658,7.2616309545793,-0.027338680263894743,bird
V_BIRD_003_LABELS_2,303,-0.7114251997860347,1.25,0.18111248012641196,0.7499205430515822,-0.0017029653811407913,bird
V_BIRD_015_LABELS_1,329,0.10216709105491474,0.0911854103343465,0.44169994539018503,8.412149009986429,0.00857636996556442,bird
V_BIRD_015_LABELS_2,329,0.10905973722564868,1.3043478260869565,1.909439317865686,4.814219645427375,-0.18543120211749886,bird
V_BIRD_015_LABELS_3,329,0.14505135453379284,1.3043478260869565,1.7678844837170342,5.335370693159985,0.16837833318110362,bird
V_BIRD_039_LABELS_1,310,-0.7853981633974487,0.0967741935483871,7.816573573178539e-09,0.006865114380451933,1.4715456148975233e-05,bird
V_BIRD_041_LABELS_1,305,-0.495652843917403,0.09836065573770493,0.02744737426255449,2.708854295183243,0.0018063470112249709,bird
V_BIRD_041_LABELS_2,305,-0.04028952377173659,0.15151515151515152,0.16640900196340663,0.4821620968356047,-0.00359724045074651,bird
V_BIRD_032_LABELS_1,326,0.3031026809098047,0.09202453987730061,0.03367118557671279,0.7994870179831778,0.0011682792341840712,bird
V_BIRD_024_LABELS_1,313,0.08243867444932308,0.09584664536741214,0.06795252213032212,5.786153337781869,0.005623064770112685,bird
V_BIRD_008_LABELS_1,321,0.6031206387239388,0.09345794392523366,0.2100634955144908,14.969822633263226,-0.039803711159000506,bird
V_BIRD_008_LABELS_2,321,0.00508367345525687,0.12048192771084336,0.40336621650098403,1.2919308733065937,-0.003601159942368798,bird
V_BIRD_023_LABELS_1,327,0.26453052808467203,0.09174311926605504,1.1424389903955763,22.675866285542796,0.013310652469334557,bird
V_BIRD_023_LABELS_2,327,-0.12594817677605005,0.09868421052631579,1.5985260212683818,19.16667089446148,-0.010494463673362766,bird
V_BIRD_023_LABELS_3,327,0.10866020598545961,0.22727272727272727,1.8534039966207612,5.105308524853578,0.05123350665968172,bird
V_BIRD_023_LABELS_4,327,-0.06307553849683012,0.8823529411764706,2.1139029769978763,6.999407137262155,-0.07703944687753392,bird
V_BIRD_050_LABELS_1,303,0.04580475878657583,0.09900990099009901,0.029925576821525825,2.5690053346060786,-0.0010096568868566888,bird
V_BIRD_035_LABELS_1,311,-0.1493554249631481,0.09646302250803858,0.009524966733775286,0.8633084523718292,0.0031334628780511735,bird
V_BIRD_046_LABELS_1,311,0.225384186976354,0.09646302250803858,0.028253396826176513,2.180679653636992,0.005073095941467189,bird
V_BIRD_004_LABELS_1,315,0.017960802606529762,0.09646302250803858,0.028626084242508516,3.14184162649846,-0.0005399968233401975,bird
V_BIRD_028_LABELS_1,318,-0.009182635099514266,0.09433962264150944,0.11015403155413325,0.4556623719494884,0.0002620237449089236,bird
V_BIRD_001_LABELS_1,305,0.07605127058181832,0.09836065573770493,0.020695631584554085,2.793830623090199,-0.001709988117262776,bird
V_BIRD_048_LABELS_1,312,0.27234076553494785,0.09615384615384615,0.13233745795894028,14.131339239116095,0.011364980854648063,bird
V_BIRD_048_LABELS_2,312,0.29666923898280123,0.37037037037037035,0.20474049595764712,0.540915521011794,0.00036322453902713645,bird
V_BIRD_026_LABELS_1,314,-0.11156377464377376,0.09554140127388534,0.025757485749911036,1.5229759116943633,0.0001794652526308184,bird
V_BIRD_043_LABELS_1,310,-0.2032335726640628,0.0967741935483871,0.07839184625395426,0.7197520262064153,0.003883588114903469,bird
V_BIRD_030_LABELS_1,327,0.05398031822253759,0.09174311926605504,0.05125646455217251,0.2520502605958427,-0.003359905195150381,bird
V_BIRD_037_LABELS_1,326,-0.09793068735156149,0.09202453987730061,0.017769977466402447,0.11587870989411081,-0.0006172037316591187,bird
V_BIRD_044_LABELS_1,321,0.004212426547497562,0.09345794392523366,0.0038058370393179736,1.0983029303331526,-0.0004741874512169045,bird
V_BIRD_006_LABELS_1,312,0.2418787847065483,0.1171875,0.04887301140435053,3.5257461197753197,0.001283013717876337,bird
V_BIRD_006_LABELS_2,312,0.11186491327233922,0.25641025641025644,0.17381831954235674,0.4439892349511966,-0.004199603780879821,bird
V_BIRD_010_LABELS_1,317,-0.14657480783214522,0.09463722397476342,0.1301240491745923,7.101295876331251,0.0014164436112199343,bird
V_BIRD_010_LABELS_2,317,0.660744716700651,1.6666666666666667,1.6566338747289597,3.726893000960618,0.4467830793993236,bird
